{
  "experiment": "exp17_3x3_more_data",
  "backbone": "shufflenet_v2_x0_5",
  "grid_size": 3,
  "num_cells": 9,
  "feature_dim": 1024,
  "total_params": 1580388,
  "trainable_params": 1580388,
  "epochs": 100,
  "n_train_puzzles": 10000,
  "n_test_puzzles": 200,
  "cells_per_puzzle": 1,
  "batch_size": 64,
  "piece_size": 128,
  "puzzle_size": 256,
  "total_training_time": 8578.371364831924,
  "avg_epoch_time": 85.33664433240891,
  "epoch_times": [
    91.02116012573242,
    85.02008700370789,
    86.66395092010498,
    85.61972308158875,
    86.11132788658142,
    83.02811980247498,
    82.91914010047913,
    84.06559205055237,
    83.08379006385803,
    86.34584784507751,
    87.15453505516052,
    82.06932497024536,
    81.50985813140869,
    81.42192506790161,
    82.00346279144287,
    83.41861295700073,
    83.2410078048706,
    83.20205807685852,
    83.3405659198761,
    83.1645348072052,
    83.29363512992859,
    83.42571997642517,
    83.33512115478516,
    83.22543430328369,
    83.50711703300476,
    83.51081919670105,
    83.14717388153076,
    83.20385694503784,
    83.16112208366394,
    83.21239995956421,
    83.14469289779663,
    83.23203301429749,
    83.36932587623596,
    83.22585797309875,
    83.22028398513794,
    83.32401204109192,
    83.20713973045349,
    83.29158091545105,
    83.43970203399658,
    83.35963273048401,
    83.19240188598633,
    83.39949202537537,
    83.17268013954163,
    83.23885369300842,
    83.3845522403717,
    83.39225697517395,
    83.32121992111206,
    83.40859985351562,
    83.40608406066895,
    83.31184792518616,
    83.21832609176636,
    83.31827521324158,
    83.12431597709656,
    84.93399286270142,
    81.60991787910461,
    81.85991501808167,
    91.05648112297058,
    85.23750877380371,
    88.99785614013672,
    90.1782021522522,
    90.72270202636719,
    100.61912178993225,
    97.1791501045227,
    95.79210114479065,
    97.30252695083618,
    112.74043393135071,
    90.33924603462219,
    84.03845119476318,
    83.31344199180603,
    83.33395218849182,
    84.89125609397888,
    85.96420311927795,
    85.36916828155518,
    84.96480894088745,
    85.58648014068604,
    85.24147987365723,
    85.07451701164246,
    85.13974094390869,
    85.87348508834839,
    85.261971950531,
    85.14229583740234,
    85.19373321533203,
    85.85892486572266,
    84.99044919013977,
    85.25436902046204,
    85.49250292778015,
    85.77173709869385,
    85.41513991355896,
    85.4232108592987,
    85.85466599464417,
    85.11752510070801,
    85.36735486984253,
    85.16266179084778,
    85.6558928489685,
    85.38635969161987,
    85.36834716796875,
    85.30396795272827,
    85.65830302238464,
    85.29782295227051,
    85.19686484336853
  ],
  "random_baseline": 0.1111111111111111,
  "best_epoch": 98,
  "best_test_cell_acc": 0.37694444444444447,
  "final_train_pos_loss": 0.017136413991451264,
  "final_train_rot_loss": 0.15433206577301026,
  "final_train_cell_acc": 0.6808,
  "final_train_rot_acc": 0.9483,
  "final_test_cell_acc": 0.36875,
  "final_test_rot_acc": 0.6026388888888888,
  "history": {
    "train_pos_loss": [
      0.07246300736665726,
      0.0697513326883316,
      0.0668721616268158,
      0.06436971085071563,
      0.06164413678646088,
      0.058950468051433565,
      0.056754696905612946,
      0.054896361142396925,
      0.05314221513271332,
      0.05145565072894096,
      0.0500752402305603,
      0.048811380684375766,
      0.04710466151237488,
      0.046508598178625106,
      0.04524825218915939,
      0.044366938614845274,
      0.043394215893745425,
      0.04269880554080009,
      0.041656990790367124,
      0.040807811534404756,
      0.040012365400791165,
      0.039346002233028414,
      0.03913991465568543,
      0.03827768867611885,
      0.037395782494544984,
      0.037121780630946156,
      0.03614217501878739,
      0.035680205857753756,
      0.0351403894752264,
      0.03468548340201378,
      0.0343183162689209,
      0.03406769077181816,
      0.03350306562185287,
      0.03298889262676239,
      0.03312823859453201,
      0.032174349462985995,
      0.03157125755250454,
      0.03199079436063766,
      0.03104338504076004,
      0.030601534086465834,
      0.03035324124097824,
      0.030562939715385436,
      0.029411029374599457,
      0.02909087637066841,
      0.028852329021692276,
      0.029006504666805266,
      0.028401204144954683,
      0.02767112895846367,
      0.028054490047693253,
      0.02724768037199974,
      0.02680979447364807,
      0.026664957547187805,
      0.02597171814441681,
      0.02613418747484684,
      0.02594607115983963,
      0.025349847066402434,
      0.02520349940061569,
      0.025195034262537955,
      0.024895372706651687,
      0.024600308042764665,
      0.024059660762548448,
      0.02388719733953476,
      0.02382557852268219,
      0.023686549806594848,
      0.023014878499507903,
      0.023053841948509218,
      0.02281371270418167,
      0.02258750312924385,
      0.02279364138841629,
      0.022452631890773775,
      0.02207806677222252,
      0.021900237216055392,
      0.021856726890802383,
      0.02138703100681305,
      0.021011667090654374,
      0.02092621223330498,
      0.020630889350175857,
      0.020352827018499376,
      0.020410523492097855,
      0.020696269181370734,
      0.02018544307947159,
      0.019759353548288346,
      0.019668744534254073,
      0.019504457038640975,
      0.01955664533674717,
      0.019142434310913087,
      0.018796816095709802,
      0.018771292203664778,
      0.018430004215240478,
      0.018286916291713716,
      0.018405806520581245,
      0.01809914634823799,
      0.017965635108947754,
      0.017859710186719894,
      0.017686858621239664,
      0.017503347563743592,
      0.017667993772029877,
      0.01724169043302536,
      0.017253109115362167,
      0.017136413991451264
    ],