{
  "experiment": "exp18_3x3_20k_puzzles",
  "backbone": "shufflenet_v2_x0_5",
  "grid_size": 3,
  "num_cells": 9,
  "feature_dim": 1024,
  "total_params": 1238596,
  "trainable_params": 1238596,
  "epochs": 100,
  "n_train_puzzles": 20000,
  "n_test_puzzles": 200,
  "cells_per_puzzle": 9,
  "batch_size": 128,
  "piece_size": 128,
  "puzzle_size": 256,
  "total_training_time": 70206.79333400726,
  "avg_epoch_time": 701.730361506939,
  "epoch_times": [
    725.1501851081848,
    713.7197351455688,
    708.7685561180115,
    714.3630731105804,
    717.9798758029938,
    714.9669938087463,
    715.3062341213226,
    721.7800989151001,
    713.12477684021,
    717.1932008266449,
    713.1184582710266,
    712.6925208568573,
    716.843631029129,
    714.3726999759674,
    715.4280500411987,
    713.8250532150269,
    714.2660071849823,
    702.6233491897583,
    694.6182610988617,
    696.0728130340576,
    694.5958609580994,
    694.0104420185089,
    695.122829914093,
    696.1311337947845,
    696.1288080215454,
    693.9910678863525,
    694.2337050437927,
    694.0010180473328,
    694.3270151615143,
    696.0925090312958,
    696.375480890274,
    694.1029949188232,
    694.8537101745605,
    694.248476266861,
    696.8568971157074,
    697.4641230106354,
    697.409353017807,
    694.8633117675781,
    694.3864409923553,
    694.4478359222412,
    694.0214812755585,
    693.909481048584,
    693.6874620914459,
    694.8115239143372,
    696.796679019928,
    696.4174902439117,
    693.2634601593018,
    693.1546709537506,
    693.2356841564178,
    693.5283491611481,
    694.4775469303131,
    693.6208231449127,
    694.3639409542084,
    695.0289866924286,
    695.1674251556396,
    696.7755739688873,
    695.9556348323822,
    695.0141668319702,
    695.3855171203613,
    694.3451130390167,
    695.3047909736633,
    694.4863522052765,
    692.9074819087982,
    692.8905127048492,
    691.9987118244171,
    693.0170979499817,
    694.3403880596161,
    694.6422448158264,
    694.1825799942017,
    694.274671792984,
    695.5812427997589,
    694.5947680473328,
    693.2109889984131,
    706.0638053417206,
    719.3109381198883,
    719.1863601207733,
    716.8378639221191,
    714.6796100139618,
    717.8742620944977,
    716.8381671905518,
    719.483745098114,
    716.1842279434204,
    714.6339299678802,
    720.0090579986572,
    715.1780858039856,
    713.5437650680542,
    715.5892791748047,
    716.0995631217957,
    700.4513673782349,
    696.0231521129608,
    695.8878259658813,
    695.2431180477142,
    695.8089311122894,
    696.3011617660522,
    697.9718580245972,
    694.7667262554169,
    695.4913368225098,
    695.9149067401886,
    696.2605259418488,
    697.1531491279602
  ],
  "random_baseline": 0.1111111111111111,
  "best_epoch": 96,
  "best_test_cell_acc": 0.7943055555555556,
  "final_train_pos_loss": 0.010600491529558482,
  "final_train_rot_loss": 0.11095387226259402,
  "final_train_cell_acc": 0.8386167146974063,
  "final_train_rot_acc": 0.9585334614153058,
  "final_test_cell_acc": 0.7881944444444444,
  "final_test_rot_acc": 0.9154166666666667,
  "history": {
    "train_pos_loss": [
      0.06139132315467848,
      0.04858810559038072,
      0.04354187793494611,
      0.04051443713179798,
      0.038431872806286634,
      0.03660453257963371,
      0.034765670178633336,
      0.03305841961230047,
      0.03156431000024011,
      0.030364172312440985,
      0.028890811252078624,
      0.027894542281033156,
      0.026731691189708532,
      0.025857653683947338,
      0.025202409031493712,
      0.02440893139073875,
      0.0237460282000636,
      0.02316171247471054,
      0.022460937589183553,
      0.0219456571975806,
      0.021695355367855645,
      0.02110610234864204,
      0.020558217962373806,
      0.020052789420159457,
      0.019699916572851674,
      0.019321743377678974,
      0.019137830708142005,
      0.018782879758046423,
      0.018495841958044823,
      0.018155806186924008,
      0.017874930360109967,
      0.017481207026804814,
      0.01723165221580942,
      0.017181849879608444,
      0.016804315021060858,
      0.01670083957490175,
      0.016517833936262386,
      0.016355218538401786,
      0.01619625016685212,
      0.015965568583588264,
      0.015702181237314837,
      0.015590954466780497,
      0.015314622955503322,
      0.01515277477804318,
      0.015070643793167107,
      0.014994898809614427,
      0.014647223278532085,
      0.014515946248707945,
      0.014379296131104091,
      0.014272014011252,
      0.014078197501929157,
      0.014050971781161874,
      0.013880790269061225,
      0.013839741227690671,
      0.013857373962872543,
      0.013641042755446062,
      0.013553511961633315,
      0.013349517406045496,
      0.013316305663450474,
      0.013234103394497942,
      0.013165745299119127,
      0.013059873008630325,
      0.012861322398540253,
      0.012675852675733762,
      0.012674190830597558,
      0.012680253306007763,
      0.012523069033860123,
      0.012448367328307054,
      0.012426152447027113,
      0.012258019018256943,
      0.012262681475319073,
      0.012028081160877849,
      0.01201370821553223,
      0.011950018021201303,
      0.012001066416205469,
      0.01190265768667789,
      0.011723829569061985,
      0.011745189826394043,
      0.011617257114152405,
      0.011552938816816015,
      0.011494482924343526,
      0.011409205389604576,
      0.011385380986673292,
      0.011314562247009233,
      0.011211831489948833,
      0.011213206794892558,
      0.011234706396683319,
      0.011207408964007622,
      0.010963887633628693,
      0.011056781453723652,
      0.010965555972779975,
      0.011053341238123508,
      0.011066271330983665,
      0.010822766015455187,
      0.010740545844465791,
      0.01072625964135156,
      0.010782223490560686,
      0.010542573795847771,
      0.010632819009269464,
      0.010600491529558482
    ],