{
  "experiment": "exp16_3x3_grid",
  "backbone": "shufflenet_v2_x0_5",
  "grid_size": 3,
  "num_cells": 9,
  "feature_dim": 1024,
  "total_params": 1580388,
  "trainable_params": 1580388,
  "epochs": 100,
  "n_train_puzzles": 500,
  "n_test_puzzles": 100,
  "batch_size": 64,
  "piece_size": 128,
  "puzzle_size": 256,
  "total_training_time": 3853.5412197113037,
  "avg_epoch_time": 38.53540091514587,
  "epoch_times": [
    40.02409291267395,
    38.0372428894043,
    40.4516179561615,
    40.926169633865356,
    41.104166984558105,
    41.238282918930054,
    40.277318239212036,
    38.99190807342529,
    39.169092893600464,
    39.37330412864685,
    39.157975912094116,
    39.613518714904785,
    38.10018610954285,
    38.07879614830017,
    38.080429792404175,
    38.06529903411865,
    37.43343806266785,
    37.31003189086914,
    37.2802619934082,
    37.45743727684021,
    38.56273698806763,
    38.55820107460022,
    38.43158578872681,
    38.49505400657654,
    38.31603002548218,
    38.29578399658203,
    38.37598013877869,
    38.38802909851074,
    38.36248588562012,
    38.43134903907776,
    38.43152189254761,
    38.35727596282959,
    38.32053518295288,
    38.28624510765076,
    38.42314791679382,
    38.45377206802368,
    38.411888122558594,
    38.477718114852905,
    38.36178517341614,
    38.3013641834259,
    38.34163475036621,
    38.30521821975708,
    38.34666895866394,
    38.456812143325806,
    38.38984704017639,
    38.376994132995605,
    38.27794098854065,
    38.305959939956665,
    38.47908616065979,
    38.470786809921265,
    38.357908964157104,
    38.38079833984375,
    38.32308030128479,
    38.45662593841553,
    38.36938786506653,
    38.31316685676575,
    38.38970708847046,
    38.338693141937256,
    38.37953495979309,
    38.3796751499176,
    38.48420190811157,
    38.34507489204407,
    38.368942975997925,
    38.35237693786621,
    38.38426613807678,
    38.44752216339111,
    38.36994791030884,
    38.438472032547,
    38.44729208946228,
    38.46260690689087,
    38.54721713066101,
    38.48540687561035,
    38.44274091720581,
    38.45213270187378,
    38.27824807167053,
    38.37196612358093,
    38.45578598976135,
    38.41809701919556,
    38.455519914627075,
    38.48271179199219,
    38.4251971244812,
    38.42723989486694,
    38.386855125427246,
    38.38516688346863,
    38.43181109428406,
    38.41555309295654,
    38.50218081474304,
    38.47232508659363,
    38.2866108417511,
    38.31282901763916,
    38.34001111984253,
    38.368638038635254,
    38.455796003341675,
    38.39935898780823,
    38.46835494041443,
    38.34538292884827,
    39.38276410102844,
    38.79218101501465,
    38.39631509780884,
    38.402400732040405
  ],
  "random_baseline": 0.1111111111111111,
  "final_train_pos_loss": 0.029056507796049118,
  "final_train_rot_loss": 0.2448133639494578,
  "final_train_cell_acc": 0.5022222222222222,
  "final_train_rot_acc": 0.9104444444444444,
  "final_test_cell_acc": 0.39111111111111113,
  "final_test_rot_acc": 0.6094444444444445,
  "history": {
    "train_pos_loss": [
      0.07378472977876663,
      0.0722499699526363,
      0.0709928100042873,
      0.06999774669276343,
      0.06837020997868644,
      0.06697635765870412,
      0.06522926766342586,
      0.06448840424087313,
      0.06299863439136082,
      0.06201736986637116,
      0.06082645512289471,
      0.05999479061696265,
      0.058962908393806884,
      0.058123877773682275,
      0.05754774678084586,
      0.05672207689947552,
      0.055406312929259405,
      0.054481785198052725,
      0.05381646071208848,
      0.05296524984637896,
      0.052242197831471764,
      0.05187356227967474,
      0.051385846402910024,
      0.050211322844028475,
      0.049607508497105705,
      0.048534438295496835,
      0.04855102438396878,
      0.04836059230897162,
      0.04737262550989787,
      0.04688036266962687,
      0.04614046280251609,
      0.04625559507144822,
      0.04585783204105165,
      0.04523922369877497,
      0.044332129630777574,
      0.0442057756682237,
      0.043953862888945476,
      0.04306720591253704,
      0.042455309917529424,
      0.04244353467226029,
      0.042400083813402385,
      0.04171292353338665,
      0.041989123904042774,
      0.04113338217139244,
      0.040354006850057175,
      0.04035892629292276,
      0.0403123746232854,
      0.039341277718544,
      0.0397327979405721,
      0.03954643094870779,
      0.038841154413090814,
      0.038294299185276034,
      0.03810957018203206,
      0.0378972642355495,
      0.03774667213691606,
      0.03744968265295029,
      0.037208040823539096,
      0.036862343884176675,
      0.03670733143058088,
      0.03629341229134136,
      0.036106711556514105,
      0.036124456144041486,
      0.03549915172987514,
      0.035601580417818496,
      0.035430891540315416,
      0.034649956593910854,
      0.0350995018614663,
      0.03447898014717632,
      0.03474440900484721,
      0.03389714714884758,
      0.03365936429964172,
      0.03405164023405976,
      0.033007693025800915,
      0.03415082785487175,
      0.03284837213489744,
      0.03288024321860737,
      0.03275660518970754,
      0.03251602265569899,
      0.03255408239364624,
      0.031311013460159305,
      0.03336642262339592,
      0.03214875229530864,
      0.031782539155748156,
      0.03140355746613609,
      0.03164691281318664,
      0.030805088756812943,
      0.03074502166443401,
      0.03038505940967136,
      0.03072308536370595,
      0.030644387463728585,
      0.030349809752570258,
      0.03011097949412134,
      0.0296088478035397,
      0.02962850444846683,
      0.029963925345076456,
      0.029247603625059126,
      0.028948846207724678,
      0.029589686051011085,
      0.029092576530244614,
      0.029056507796049118
    ],