{
  "experiment": "exp18_3x3_20k_puzzles",
  "backbone": "shufflenet_v2_x0_5",
  "grid_size": 3,
  "num_cells": 9,
  "feature_dim": 1024,
  "total_params": 1580388,
  "trainable_params": 1580388,
  "epochs": 100,
  "n_train_puzzles": 20000,
  "n_test_puzzles": 200,
  "cells_per_puzzle": 9,
  "batch_size": 128,
  "piece_size": 128,
  "puzzle_size": 256,
  "total_training_time": 76451.85819101334,
  "avg_epoch_time": 763.9657298898696,
  "epoch_times": [
    764.5816152095795,
    756.1275000572205,
    756.0500049591064,
    755.7589530944824,
    755.2960922718048,
    756.0848109722137,
    756.0266790390015,
    761.2857162952423,
    757.8416950702667,
    758.3436827659607,
    758.5850648880005,
    757.5292103290558,
    758.6195709705353,
    759.1312599182129,
    758.379830121994,
    758.2895438671112,
    758.0527820587158,
    757.6662073135376,
    758.2037887573242,
    758.4474952220917,
    758.3698513507843,
    757.6761519908905,
    757.0686919689178,
    774.3879899978638,
    792.5888969898224,
    759.831710100174,
    760.5233829021454,
    758.0510718822479,
    757.531819820404,
    759.5058960914612,
    758.8792879581451,
    759.388081073761,
    759.6523289680481,
    758.8158779144287,
    759.5705327987671,
    759.9010841846466,
    760.5994157791138,
    759.5393180847168,
    759.3427069187164,
    759.1574449539185,
    760.0141577720642,
    759.962436914444,
    760.9184567928314,
    759.1228308677673,
    759.0683400630951,
    758.7195188999176,
    761.563677072525,
    760.7083950042725,
    760.4584679603577,
    760.1288728713989,
    759.3404879570007,
    759.8338749408722,
    761.4872498512268,
    760.296854019165,
    760.9737131595612,
    759.9608540534973,
    761.533164024353,
    759.4901208877563,
    760.5867049694061,
    760.275780916214,
    758.2045049667358,
    759.5146028995514,
    760.1449921131134,
    761.3309271335602,
    762.9080402851105,
    769.8746769428253,
    773.7917201519012,
    770.670252084732,
    772.2365818023682,
    773.1738269329071,
    770.7352900505066,
    772.2876169681549,
    771.0145428180695,
    772.8407509326935,
    774.1870839595795,
    773.9803729057312,
    773.2251667976379,
    774.4125289916992,
    772.6420569419861,
    771.352157831192,
    772.6362130641937,
    772.2596311569214,
    770.8474481105804,
    771.1512820720673,
    770.7213568687439,
    773.0912599563599,
    773.7510919570923,
    771.6128680706024,
    771.3295831680298,
    768.5745120048523,
    769.7066569328308,
    772.7421886920929,
    771.2886481285095,
    770.0932130813599,
    768.9075119495392,
    770.0359728336334,
    767.3892607688904,
    768.396107673645,
    769.1345300674438,
    769.2489550113678
  ],
  "random_baseline": 0.1111111111111111,
  "best_epoch": 99,
  "best_test_cell_acc": 0.8216666666666667,
  "final_train_pos_loss": 0.010512251791393696,
  "final_train_rot_loss": 0.10043610776544697,
  "final_train_cell_acc": 0.8401235614322579,
  "final_train_rot_acc": 0.9628091390254468,
  "final_test_cell_acc": 0.8181944444444444,
  "final_test_rot_acc": 0.9511111111111111,
  "history": {
    "train_pos_loss": [
      0.06033159337909905,
      0.047662123414650606,
      0.042861642231326054,
      0.040017349993072694,
      0.03756962674675096,
      0.03528080115950866,
      0.03375276473248255,
      0.03225762771818247,
      0.030950966740748712,
      0.029825338904385792,
      0.02849497380023257,
      0.02748525921446979,
      0.026449310313283996,
      0.025509925875726112,
      0.024729748184108682,
      0.023943772031585216,
      0.023328918143125914,
      0.022680499196150505,
      0.021928164580810684,
      0.021560582760671274,
      0.02097456022646279,
      0.02071982845140571,
      0.020139642686438503,
      0.019735661106033017,
      0.019349317906230002,
      0.018958443374306726,
      0.01869671367619224,
      0.018354916157849743,
      0.017918728077660158,
      0.01786612822286519,
      0.017567365881809127,
      0.017402272043352082,
      0.017142275783803514,
      0.016902926880407742,
      0.01672673856476453,
      0.01642168634241433,
      0.016216162307781643,
      0.016072139400127226,
      0.01585972590223175,
      0.015805929680782656,
      0.015302425908060791,
      0.015198153621422728,
      0.01518295591793613,
      0.015085455704061437,
      0.014724344440234403,
      0.014634624468273696,
      0.014649268251945792,
      0.014532668066438267,
      0.014251483611504166,
      0.01417668228329221,
      0.013998393165980678,
      0.013887926801128787,
      0.01387984081007102,
      0.01365174862503937,
      0.013695218194708961,
      0.013172752699420025,
      0.013323275025843675,
      0.013162830502733102,
      0.0132757718900341,
      0.013173835162504276,
      0.012941952192292572,
      0.012910404564541124,
      0.012849062992919545,
      0.012826941488713283,
      0.012649209673876116,
      0.01262755377685762,
      0.01228625337996706,
      0.012468056836549675,
      0.012204291035223898,
      0.012256554177008853,
      0.012158056342885647,
      0.011921434734088299,
      0.011853256886650072,
      0.011956293894362625,
      0.011763160164597082,
      0.011832133391247729,
      0.0115752924725623,
      0.01155289122032255,
      0.01153143571213249,
      0.011370466736793266,
      0.011316641422841464,
      0.011264550537526325,
      0.01124879024582603,
      0.011267902448691849,
      0.01131097660643544,
      0.011126379939785706,
      0.01109588613069123,
      0.010926991000989605,
      0.010973684625081128,
      0.010790950239355982,
      0.01069660878994733,
      0.010956046207272068,
      0.01076566620697639,
      0.010533921365334415,
      0.010728139762459902,
      0.010678970849333422,
      0.010347989137494594,
      0.01044608037363777,
      0.010377886338384927,
      0.010512251791393696
    ],