{
  "experiment": "exp17_3x3_more_data",
  "backbone": "shufflenet_v2_x0_5",
  "grid_size": 3,
  "num_cells": 9,
  "feature_dim": 1024,
  "total_params": 1580388,
  "trainable_params": 1580388,
  "epochs": 100,
  "n_train_puzzles": 10000,
  "n_test_puzzles": 200,
  "cells_per_puzzle": 9,
  "batch_size": 64,
  "piece_size": 128,
  "puzzle_size": 256,
  "total_training_time": 60019.99353599548,
  "avg_epoch_time": 599.7525564289093,
  "epoch_times": [
    610.3599627017975,
    607.4358270168304,
    606.4401850700378,
    604.5577228069305,
    603.2002170085907,
    601.3022611141205,
    602.5549092292786,
    661.1843059062958,
    649.403883934021,
    602.9626309871674,
    611.0099840164185,
    604.1004369258881,
    603.8267550468445,
    605.2745838165283,
    604.9786148071289,
    603.9363799095154,
    604.0347499847412,
    600.7063999176025,
    588.9304451942444,
    591.656858921051,
    592.0545790195465,
    589.6351611614227,
    590.779504776001,
    590.054386138916,
    591.271329164505,
    589.3148736953735,
    590.4253420829773,
    591.6293032169342,
    590.6132760047913,
    592.0217380523682,
    590.7087249755859,
    589.764298915863,
    590.1266918182373,
    591.8342380523682,
    589.0448908805847,
    589.177160024643,
    590.0159029960632,
    591.8246531486511,
    589.9308440685272,
    588.9650211334229,
    589.48566198349,
    589.6688849925995,
    591.0838851928711,
    591.5611100196838,
    590.0076611042023,
    589.3310871124268,
    590.4591908454895,
    591.1104607582092,
    589.9971208572388,
    590.2329730987549,
    589.4324889183044,
    590.292891740799,
    588.331506729126,
    589.4376490116119,
    591.2734041213989,
    592.0084908008575,
    606.8446669578552,
    605.7322130203247,
    604.9432439804077,
    603.8186888694763,
    604.1429541110992,
    605.9913070201874,
    602.5502460002899,
    606.4755680561066,
    603.6965489387512,
    602.6483278274536,
    604.3049027919769,
    605.3220798969269,
    605.0439629554749,
    603.6064608097076,
    603.6437602043152,
    605.7334530353546,
    601.9471361637115,
    595.0508899688721,
    607.9873559474945,
    608.3929860591888,
    598.7282330989838,
    606.4382560253143,
    606.2023301124573,
    604.0456411838531,
    606.1151649951935,
    605.3517591953278,
    604.8912267684937,
    607.4255757331848,
    615.3593680858612,
    612.7419018745422,
    609.843398809433,
    608.3144178390503,
    608.8930790424347,
    605.6901979446411,
    604.6681890487671,
    606.0266530513763,
    602.2413349151611,
    603.6956977844238,
    596.4421899318695,
    590.9143517017365,
    589.1109800338745,
    590.9405410289764,
    592.0870521068573,
    590.4478490352631
  ],
  "random_baseline": 0.1111111111111111,
  "best_epoch": 97,
  "best_test_cell_acc": 0.80875,
  "final_train_pos_loss": 0.013496285227603383,
  "final_train_rot_loss": 0.1320333247343699,
  "final_train_cell_acc": 0.7903666666666667,
  "final_train_rot_acc": 0.9521777777777778,
  "final_test_cell_acc": 0.8045833333333333,
  "final_test_rot_acc": 0.9265277777777777,
  "history": {
    "train_pos_loss": [
      0.06405999458498425,
      0.05296674290829235,
      0.047617269084188674,
      0.04416951406002045,
      0.04202417827712165,
      0.04038795231315825,
      0.03888058214320077,
      0.037311318884955515,
      0.03608426356183158,
      0.03486260379023022,
      0.03403175802297062,
      0.0328872037768364,
      0.031954973003599375,
      0.031193312180042267,
      0.03030498927036921,
      0.02965615550610754,
      0.02884971156252755,
      0.02824511140750514,
      0.0276609014444881,
      0.027036208143499163,
      0.026397347224420973,
      0.0259637478503916,
      0.025477365644772848,
      0.024983767322036957,
      0.024577082569731606,
      0.02418177031179269,
      0.02388612097038163,
      0.0233469882203473,
      0.022910615139537387,
      0.022580940032667585,
      0.022489006301595105,
      0.021969879352715282,
      0.021566047356526057,
      0.021457062570916282,
      0.021261870288848878,
      0.021021317695246802,
      0.020636398528019587,
      0.020443916412856845,
      0.020220881332953772,
      0.019898353824681705,
      0.019889724213547177,
      0.019519316460026637,
      0.019363180425431992,
      0.019191318332155545,
      0.019001353683074314,
      0.018908551929063266,
      0.01865477145082421,
      0.01856377010146777,
      0.01831948871943686,
      0.018179031983017922,
      0.01817030325995551,
      0.017902047628495427,
      0.017784745486577352,
      0.01760225841171212,
      0.017548238115178215,
      0.017183634849058257,
      0.017012212836411265,
      0.016816034094492595,
      0.016881986353422206,
      0.01688950092908409,
      0.016784787277711762,
      0.01644940377804968,
      0.0163471414314376,
      0.016248429322242738,
      0.01609071669412984,
      0.016269028459654913,
      0.016062334963679314,
      0.015988732756177584,
      0.01590630088382297,
      0.01567959843708409,
      0.0156408522453573,
      0.015416881310608652,
      0.015439568303691016,
      0.015221285977628497,
      0.015286716197265519,
      0.015256286622915003,
      0.0149320532851749,
      0.015029554413755735,
      0.014848358721534411,
      0.014856621683968438,
      0.014852929879228274,
      0.01469140242503749,
      0.014565088174740474,
      0.014624921872549587,
      0.014420015957951546,
      0.014373512097862032,
      0.014248483311136564,
      0.014178937584492896,
      0.013998218564192455,
      0.014025356904996766,
      0.013832972818613053,
      0.014058580656846365,
      0.013835878966583146,
      0.013758015098174413,
      0.013630530829893218,
      0.01362439374824365,
      0.013595772304799822,
      0.01349586319492923,
      0.01351023026737902,
      0.013496285227603383
    ],